<?xml version="1.0" encoding="UTF-8" standalone="yes"?>
<addon id="plugin.program.dwbigwiz" name="DWBig Wizard" version="8.0.7" provider-name="DW">
  <requires>
    <import addon="xbmc.python" version="3.0.0"/>
    <import addon="script.module.six" />
    <import addon="script.module.kodi-six" />
  </requires>
  <extension point="xbmc.python.pluginsource" library="default.py">
        <provides>executable</provides>
  </extension>
  <extension point="xbmc.service" library="startup.py" start="startup" />
  <extension point="xbmc.addon.metadata">
    <summary lang="en">DW Big Wizard</summary>
    <description lang="en">Experimental K19/K20 wizard</description>
    <platform>all</platform>
    <assets>
			<icon>icon.png</icon>
			<fanart>fanart.jpg</fanart>
			<banner></banner>
			<clearlogo></clearlogo>
			<screenshot>resources/screenshot-01.jpg</screenshot>
			<screenshot>resources/screenshot-02.jpg</screenshot>
			<screenshot>resources/screenshot-03.jpg</screenshot>
	</assets>
  </extension>
</addon>